"Time (s)"	"Latitude (°)"	"Longitude (°)"	"Height (m)"	"Velocity (m/s)"	"Direction (°)"	"Horizontal Accuracy (m)"	"Vertical Accuracy (m)"
0.000000000E0	6.499033710E1	2.555617320E1	1.912387424E1	NaN	NaN	2.694599915E1	1.000000000E0
1.077260104E0	6.499043114E1	2.555652189E1	-6.906714752E0	8.100000381E0	3.909999847E1	9.367687225E0	1.215650272E1
3.270673748E0	6.499057226E1	2.555673095E1	2.126563008E0	NaN	NaN	1.392436504E1	2.063311386E1
4.270691769E0	6.499063268E1	2.555683235E1	2.773090875E0	8.239999771E0	3.550000000E1	3.790092468E0	3.847166538E0
5.269945571E0	6.499069033E1	2.555693120E1	3.755004664E0	7.690000057E0	3.600000000E1	3.790092468E0	3.220670462E0
6.270157029E0	6.499074819E1	2.555702916E1	4.555705390E0	7.900000095E0	3.540000153E1	3.790092468E0	3.404346704E0
7.270489998E0	6.499080771E1	2.555713046E1	4.980613786E0	8.229999542E0	3.609999847E1	3.790092468E0	3.897931814E0
8.269841507E0	6.499086881E1	2.555723295E1	5.602789138E0	8.539999962E0	3.609999847E1	3.790092468E0	4.934587002E0
9.269943330E0	6.499093405E1	2.555733532E1	6.011162234E0	8.779999733E0	3.309999847E1	3.790092468E0	3.591948509E0
1.027014932E1	6.499100357E1	2.555742121E1	6.684861292E0	8.729999542E0	2.489999962E1	3.790092468E0	2.567440987E0
1.127058974E1	6.499107869E1	2.555746582E1	7.070423947E0	8.819999695E0	1.030000019E1	3.790092468E0	2.500000000E0
1.226993375E1	6.499115497E1	2.555748388E1	7.066525780E0	8.619999886E0	1.500000000E0	3.790092468E0	2.500000000E0
1.327027416E1	6.499123337E1	2.555749103E1	7.305062645E0	8.680000305E0	2.500000000E0	3.790092468E0	2.799450159E0
1.426994869E1	6.499131318E1	2.555748755E1	7.605003568E0	8.840000153E0	2.200000048E0	3.790092468E0	3.233141184E0
1.527028312E1	6.499139633E1	2.555747819E1	7.865763807E0	9.069999695E0	1.600000024E0	3.790092468E0	3.696626663E0
1.627068312E1	6.499147500E1	2.555747157E1	8.094476038E0	8.779999733E0	2.000000030E-1	3.790092468E0	4.208533287E0
1.727011395E1	6.499154841E1	2.555745886E1	8.255496139E0	8.090000153E0	0.000000000E0	3.790092468E0	4.741175652E0
1.826993239E1	6.499162145E1	2.555745101E1	8.407054818E0	8.149999619E0	1.200000048E0	3.790092468E0	4.515188217E0
1.927029551E1	6.499169791E1	2.555744019E1	8.644310441E0	8.579999924E0	3.593999939E2	3.945308447E0	5.117918015E0
2.027053536E1	6.499177827E1	2.555742873E1	8.575539525E0	8.960000038E0	3.582000122E2	3.790092468E0	4.024174213E0
2.127080062E1	6.499186258E1	2.555741497E1	8.840634909E0	9.390000343E0	3.585000000E2	3.790092468E0	3.341572046E0
2.227015510E1	6.499194960E1	2.555739632E1	9.284993713E0	9.479999542E0	3.597999878E2	3.790092468E0	3.084038019E0
2.327073911E1	6.499203314E1	2.555738480E1	9.449990430E0	9.369999886E0	1.200000048E0	3.790092468E0	2.946730852E0
2.427006697E1	6.499211879E1	2.555737323E1	9.592589226E0	9.449999809E0	3.597000122E2	3.790092468E0	2.892641306E0
2.527049520E1	6.499220341E1	2.555736217E1	9.513995585E0	9.359999657E0	3.595000000E2	3.790092468E0	3.037535667E0
2.626991655E1	6.499228648E1	2.555734448E1	9.722083473E0	9.119999886E0	3.592999878E2	3.790092468E0	3.546952248E0
2.727058588E1	6.499236802E1	2.555733589E1	9.930840145E0	8.979999542E0	3.582000122E2	3.790092468E0	4.109471798E0
2.826993280E1	6.499244950E1	2.555732348E1	1.006189950E1	8.939999580E0	3.578999939E2	3.985713243E0	4.678484917E0
2.927040572E1	6.499252920E1	2.555730997E1	9.713465134E0	8.680000305E0	3.587000122E2	4.299954891E0	5.285168648E0
3.027042921E1	6.499260432E1	2.555729619E1	1.021164517E1	8.369999886E0	3.597000122E2	3.859641075E0	4.381458759E0
3.127072952E1	6.499267069E1	2.555728865E1	1.023099541E1	7.530000210E0	3.587999878E2	3.790092468E0	3.706283569E0
3.226988488E1	6.499272252E1	2.555728000E1	1.049892836E1	5.980000019E0	3.573999939E2	3.849632263E0	4.242113113E0
3.327015379E1	6.499275975E1	2.555727253E1	1.060022151E1	4.389999866E0	3.581000061E2	3.790092468E0	3.678316593E0
3.426993738E1	6.499279246E1	2.555726132E1	1.072690153E1	3.630000114E0	3.582999878E2	3.790092468E0	3.261878014E0
3.527028025E1	6.499282086E1	2.555725528E1	1.105755635E1	2.960000038E0	3.570000000E2	3.790092468E0	2.733897924E0
3.627060400E1	6.499284460E1	2.555725287E1	1.141463455E1	2.680000067E0	1.100000024E0	3.790092468E0	2.500000000E0
3.727028572E1	6.499286982E1	2.555725860E1	1.177677902E1	2.940000057E0	8.399999619E0	3.790092468E0	2.500000000E0
3.827060571E1	6.499289690E1	2.555728256E1	1.195459672E1	3.289999962E0	2.600000000E1	3.790092468E0	2.500000000E0
3.926991655E1	6.499292025E1	2.555734523E1	1.202895137E1	4.059999943E0	6.059999847E1	3.790092468E0	2.500000000E0
4.027027556E1	6.499294121E1	2.555745115E1	1.230038075E1	5.269999981E0	7.430000305E1	3.790092468E0	2.500000000E0
4.126981030E1	6.499296079E1	2.555757976E1	1.269613454E1	6.170000076E0	7.930000305E1	3.790092468E0	2.500000000E0
4.227065613E1	6.499298008E1	2.555773113E1	1.298867470E1	7.349999905E0	8.130000305E1	3.790092468E0	2.500000000E0
4.327078332E1	6.499300202E1	2.555791386E1	1.320595697E1	8.880000114E0	8.000000000E1	3.790092468E0	2.500000000E0
4.427013983E1	6.499302850E1	2.555812232E1	1.335671187E1	1.025000000E1	7.569999695E1	3.790092468E0	2.500000000E0
4.527027175E1	6.499305711E1	2.555833397E1	1.369496837E1	1.053999996E1	7.359999847E1	3.790092468E0	2.500000000E0
4.627072754E1	6.499308517E1	2.555855007E1	1.362245718E1	1.052000046E1	7.259999847E1	3.790092468E0	2.500000000E0
4.726994055E1	6.499311161E1	2.555876506E1	1.370698807E1	1.051000023E1	7.159999847E1	3.790092468E0	2.500000000E0
4.827028373E1	6.499313839E1	2.555897734E1	1.393818712E1	1.039999962E1	7.080000305E1	3.790092468E0	2.500000000E0
4.927061107E1	6.499316592E1	2.555918159E1	1.377577218E1	1.009000015E1	6.900000000E1	3.790092468E0	2.500000000E0
5.027049420E1	6.499319167E1	2.555938641E1	1.354670511E1	9.979999542E0	6.850000000E1	3.790092468E0	2.500000000E0
5.127009196E1	6.499321847E1	2.555959206E1	1.297388893E1	9.930000305E0	6.850000000E1	3.790092468E0	2.500000000E0
5.226993493E1	6.499324397E1	2.555977840E1	1.242658669E1	9.340000153E0	6.509999847E1	3.790092468E0	2.500000000E0
5.327053962E1	6.499326406E1	2.555992606E1	1.212543914E1	7.400000095E0	6.780000305E1	3.790092468E0	2.500000000E0
5.427046404E1	6.499327816E1	2.556003684E1	1.155408806E1	5.650000095E0	6.750000000E1	3.790092468E0	2.500000000E0
5.526996868E1	6.499329209E1	2.556014087E1	1.149116054E1	5.300000191E0	7.130000305E1	3.790092468E0	2.500000000E0
5.627077977E1	6.499330796E1	2.556026245E1	1.086664811E1	5.920000076E0	7.190000153E1	3.790092468E0	2.500000000E0
5.727027737E1	6.499332354E1	2.556039761E1	1.059821278E1	6.619999886E0	7.230000305E1	3.790092468E0	2.500000000E0
5.827015461E1	6.499333972E1	2.556053275E1	1.020270282E1	6.630000114E0	7.069999695E1	3.790092468E0	2.500000000E0
5.927056409E1	6.499335477E1	2.556064525E1	9.936650266E0	5.500000000E0	7.050000000E1	3.790092468E0	2.500000000E0
6.027049310E1	6.499336420E1	2.556072253E1	9.762882115E0	3.960000038E0	7.400000000E1	3.790092468E0	2.500000000E0
6.126986242E1	6.499337131E1	2.556076238E1	9.804082405E0	2.200000048E0	7.200000000E1	3.790092468E0	2.500000000E0
6.226980768E1	6.499337401E1	2.556078365E1	9.510075864E0	1.279999971E0	7.119999695E1	3.790092468E0	2.500000000E0
6.327037935E1	6.499337801E1	2.556079818E1	9.776191034E0	8.700000048E-1	7.090000153E1	3.790092468E0	2.500000000E0
6.427018034E1	6.499337831E1	2.556080633E1	9.879339685E0	4.499999881E-1	6.940000153E1	3.790092468E0	2.500000000E0
6.527002201E1	6.499337790E1	2.556080775E1	9.697088142E0	0.000000000E0	NaN	3.790092468E0	2.500000000E0
6.626993857E1	6.499337638E1	2.556080825E1	9.673832258E0	0.000000000E0	NaN	3.790092468E0	2.500000000E0
6.727065971E1	6.499337545E1	2.556080792E1	9.682254280E0	0.000000000E0	NaN	3.790092468E0	2.500000000E0
6.826985008E1	6.499337445E1	2.556081130E1	9.606019999E0	0.000000000E0	NaN	3.790092468E0	2.500000000E0
6.926991763E1	6.499337378E1	2.556081177E1	9.644410423E0	0.000000000E0	NaN	3.790092468E0	2.500000000E0
7.027013956E1	6.499337367E1	2.556081155E1	9.645203805E0	0.000000000E0	NaN	3.790092468E0	2.500000000E0
7.127052112E1	6.499337380E1	2.556080996E1	9.766358916E0	0.000000000E0	NaN	3.790092468E0	2.500000000E0
7.227063935E1	6.499337383E1	2.556080817E1	9.855470502E0	0.000000000E0	NaN	3.790092468E0	2.500000000E0
7.326994440E1	6.499337363E1	2.556080834E1	9.885011308E0	0.000000000E0	NaN	3.790092468E0	2.500000000E0
7.427026601E1	6.499337341E1	2.556080804E1	1.001837296E1	0.000000000E0	NaN	3.790092468E0	2.500000000E0
7.527046148E1	6.499337335E1	2.556080822E1	1.014581428E1	0.000000000E0	NaN	3.790092468E0	2.500000000E0
7.627075945E1	6.499337346E1	2.556080781E1	1.024579003E1	0.000000000E0	NaN	3.790092468E0	2.500000000E0
7.727056513E1	6.499337353E1	2.556080749E1	1.027252353E1	0.000000000E0	NaN	3.790092468E0	2.500000000E0
7.826999200E1	6.499337343E1	2.556080739E1	1.029712062E1	0.000000000E0	NaN	3.790092468E0	2.500000000E0
7.927042247E1	6.499337363E1	2.556080680E1	1.039392264E1	0.000000000E0	NaN	3.790092468E0	2.500000000E0
8.027072070E1	6.499337320E1	2.556080610E1	1.039355611E1	0.000000000E0	NaN	3.790092468E0	2.500000000E0
8.127000877E1	6.499337324E1	2.556080464E1	1.045959638E1	0.000000000E0	NaN	3.790092468E0	2.500000000E0
8.227028882E1	6.499337335E1	2.556080420E1	1.052960386E1	0.000000000E0	NaN	3.790092468E0	2.500000000E0
8.327068012E1	6.499337369E1	2.556080362E1	1.057837134E1	0.000000000E0	NaN	3.790092468E0	2.500000000E0
8.427011924E1	6.499337394E1	2.556080325E1	1.064538823E1	0.000000000E0	NaN	3.790092468E0	2.500000000E0
8.527028273E1	6.499337377E1	2.556080384E1	1.068634258E1	0.000000000E0	NaN	3.790092468E0	2.500000000E0
8.627069898E1	6.499337360E1	2.556080407E1	1.068695275E1	0.000000000E0	NaN	3.790092468E0	2.500000000E0
8.726984554E1	6.499337553E1	2.556081916E1	1.091168407E1	7.300000191E-1	7.709999847E1	3.790092468E0	2.500000000E0
8.826991137E1	6.499338140E1	2.556086778E1	1.090643432E1	2.480000019E0	7.630000305E1	3.790092468E0	2.500000000E0
8.927026976E1	6.499339138E1	2.556094883E1	1.082067890E1	3.950000048E0	7.690000153E1	3.790092468E0	2.500000000E0
9.027015403E1	6.499339958E1	2.556104550E1	1.080663611E1	4.469999790E0	8.640000153E1	3.790092468E0	2.500000000E0
9.127071325E1	6.499339425E1	2.556115155E1	1.077963998E1	4.929999828E0	1.074000015E2	3.790092468E0	2.500000000E0
9.227077939E1	6.499337321E1	2.556126163E1	1.094916181E1	5.420000076E0	1.376000061E2	3.790092468E0	2.500000000E0
9.327027903E1	6.499332537E1	2.556133171E1	1.103602203E1	6.139999866E0	1.621000061E2	3.790092468E0	2.500000000E0
9.427015554E1	6.499326100E1	2.556139002E1	1.108337850E1	7.480000019E0	1.686000061E2	3.790092468E0	2.500000000E0
9.527070116E1	6.499318480E1	2.556144098E1	1.120866671E1	8.750000000E0	1.680000000E2	3.790092468E0	2.500000000E0
9.627056033E1	6.499310481E1	2.556148633E1	1.130294622E1	9.060000420E0	1.711999969E2	3.790092468E0	2.500000000E0
9.727027778E1	6.499301642E1	2.556152916E1	1.148669571E1	1.002000046E1	1.721000061E2	3.790092468E0	2.500000000E0
9.827015137E1	6.499292149E1	2.556157187E1	1.165212854E1	1.071000004E1	1.733999939E2	3.790092468E0	2.500000000E0
9.927053637E1	6.499282241E1	2.556160124E1	1.178624815E1	1.114999962E1	1.761999969E2	3.790092468E0	2.500000000E0
1.002701563E2	6.499271950E1	2.556162151E1	1.190962314E1	1.157999992E1	1.781000061E2	3.790092468E0	2.500000000E0
1.012701507E2	6.499261151E1	2.556163497E1	1.208652208E1	1.202000046E1	1.796000061E2	3.790092468E0	2.500000000E0
1.022701264E2	6.499250239E1	2.556163644E1	1.229021592E1	1.210999966E1	1.818999939E2	3.790092468E0	2.500000000E0
1.032702779E2	6.499239340E1	2.556162837E1	1.224696287E1	1.219999981E1	1.828999939E2	3.790092468E0	2.500000000E0
1.042703070E2	6.499228383E1	2.556161941E1	1.224972990E1	1.231999969E1	1.833000031E2	3.790092468E0	2.500000000E0
1.052700644E2	6.499217283E1	2.556161089E1	1.225701214E1	1.232999992E1	1.833000031E2	3.790092468E0	2.500000000E0
1.062700841E2	6.499206628E1	2.556160308E1	1.236195471E1	1.203999996E1	1.823000031E2	3.790092468E0	2.500000000E0
1.072699013E2	6.499195990E1	2.556159134E1	1.231723974E1	1.194999981E1	1.828000031E2	3.790092468E0	2.500000000E0
1.082707566E2	6.499185355E1	2.556158162E1	1.230157727E1	1.186999989E1	1.820000000E2	3.790092468E0	2.500000000E0
1.092702960E2	6.499174883E1	2.556157692E1	1.223513444E1	1.189999962E1	1.810000000E2	3.790092468E0	2.500000000E0
1.102701551E2	6.499164177E1	2.556157765E1	1.220500463E1	1.188000011E1	1.781999969E2	3.790092468E0	2.500000000E0
1.112704836E2	6.499153529E1	2.556158644E1	1.207416632E1	1.186999989E1	1.790000000E2	3.790092468E0	2.500000000E0
1.122702811E2	6.499142964E1	2.556160797E1	1.205526563E1	1.189000034E1	1.733999939E2	3.790092468E0	2.500000000E0
1.132706325E2	6.499132312E1	2.556162697E1	1.200468719E1	1.168000031E1	1.713000031E2	3.790092468E0	2.500000000E0
1.142705472E2	6.499121882E1	2.556166133E1	1.224524656E1	1.178999996E1	1.741999969E2	3.790092468E0	2.500000000E0
1.152698697E2	6.499111576E1	2.556170080E1	1.263094803E1	1.180000019E1	1.716000061E2	3.790092468E0	2.500000000E0
1.162698571E2	6.499101119E1	2.556175403E1	1.286942950E1	1.181999969E1	1.693000031E2	3.790092468E0	2.500000000E0
1.172704474E2	6.499090621E1	2.556181500E1	1.306072942E1	1.190999985E1	1.668000031E2	3.790092468E0	2.500000000E0
1.182702892E2	6.499080297E1	2.556188401E1	1.304164174E1	1.198999977E1	1.646000061E2	3.790092468E0	2.500000000E0
1.192706318E2	6.499069969E1	2.556195475E1	1.321341073E1	1.202000046E1	1.633999939E2	3.790092468E0	2.500000000E0
1.202705733E2	6.499059627E1	2.556203023E1	1.339439529E1	1.206000042E1	1.626000061E2	3.790092468E0	2.500000000E0
1.212698554E2	6.499049477E1	2.556211250E1	1.349591299E1	1.215999985E1	1.616000061E2	3.790092468E0	2.500000000E0
1.222698326E2	6.499039458E1	2.556219983E1	1.354518516E1	1.205000019E1	1.605000000E2	3.790092468E0	2.500000000E0
1.232701130E2	6.499029298E1	2.556227873E1	1.379214997E1	1.200000000E1	1.606999969E2	3.790092468E0	2.500000000E0
1.242699747E2	6.499018871E1	2.556235793E1	1.400133146E1	1.210999966E1	1.605000000E2	3.790092468E0	2.500000000E0
1.252705736E2	6.499008647E1	2.556244016E1	1.419189875E1	1.207999992E1	1.605000000E2	3.790092468E0	2.500000000E0
1.262707314E2	6.498998325E1	2.556252211E1	1.425374199E1	1.213000011E1	1.611000061E2	3.790092468E0	2.500000000E0
1.272704625E2	6.498987863E1	2.556260271E1	1.432809630E1	1.218000031E1	1.620000000E2	3.790092468E0	2.500000000E0
1.282707711E2	6.498977478E1	2.556267727E1	1.433122408E1	1.209000015E1	1.631000061E2	3.790092468E0	2.500000000E0
1.292705329E2	6.498967138E1	2.556274415E1	1.456531031E1	1.192000008E1	1.643000031E2	3.790092468E0	2.500000000E0
1.302700735E2	6.498956595E1	2.556281257E1	1.481489735E1	1.201000023E1	1.646999969E2	3.790092468E0	2.500000000E0
1.312699302E2	6.498946095E1	2.556287728E1	1.472567912E1	1.215999985E1	1.641999969E2	3.790092468E0	2.500000000E0
1.322704510E2	6.498935390E1	2.556294803E1	1.479655340E1	1.235000038E1	1.640000000E2	3.790092468E0	2.500000000E0
1.332701202E2	6.498924696E1	2.556301704E1	1.455456179E1	1.239999962E1	1.641999969E2	3.790092468E0	2.500000000E0
1.342705493E2	6.498914176E1	2.556308486E1	1.464362664E1	1.227000046E1	1.648000031E2	3.790092468E0	2.500000000E0
1.352702741E2	6.498903657E1	2.556314683E1	1.452627137E1	1.211999989E1	1.651999969E2	3.790092468E0	2.500000000E0
1.362705819E2	6.498893062E1	2.556320537E1	1.440006572E1	1.211999989E1	1.671000061E2	3.790092468E0	2.500000000E0
1.372702757E2	6.498882582E1	2.556327054E1	1.415099651E1	1.225000000E1	1.673999939E2	3.790092468E0	2.500000000E0
1.382706465E2	6.498872140E1	2.556333656E1	1.396625861E1	1.227000046E1	1.665000000E2	3.790092468E0	2.500000000E0
1.392703025E2	6.498861468E1	2.556340745E1	1.372866146E1	1.238000011E1	1.668999939E2	3.790092468E0	2.500000000E0
1.402700301E2	6.498851100E1	2.556348210E1	1.349424051E1	1.215999985E1	1.628999939E2	3.790092468E0	2.500000000E0
1.412699261E2	6.498840840E1	2.556356269E1	1.338604049E1	1.203999996E1	1.613000031E2	3.790092468E0	2.500000000E0
1.422700306E2	6.498830787E1	2.556364624E1	1.325696800E1	1.202999973E1	1.618999939E2	3.790092468E0	2.500000000E0
1.432699965E2	6.498820406E1	2.556373597E1	1.338668069E1	1.221000004E1	1.601000061E2	3.790092468E0	2.500000000E0
1.442704657E2	6.498810602E1	2.556382773E1	1.349497519E1	1.189000034E1	1.596999969E2	3.790092468E0	2.500000000E0
1.452701498E2	6.498800728E1	2.556391945E1	1.361962645E1	1.186999989E1	1.590000000E2	3.790092468E0	2.500000000E0
1.462706580E2	6.498790864E1	2.556401084E1	1.376020802E1	1.186999989E1	1.595000000E2	3.790092468E0	2.500000000E0
1.472702897E2	6.498781122E1	2.556409666E1	1.398831587E1	1.175000000E1	1.588000031E2	3.790092468E0	2.500000000E0
1.482699495E2	6.498771476E1	2.556418790E1	1.402629939E1	1.160000038E1	1.586999969E2	3.790092468E0	2.500000000E0
1.492698242E2	6.498761868E1	2.556427786E1	1.386976439E1	1.156999969E1	1.581999969E2	3.790092468E0	2.500000000E0
1.502701732E2	6.498752288E1	2.556437046E1	1.398251641E1	1.155000019E1	1.573000031E2	3.790092468E0	2.500000000E0
1.512701155E2	6.498742764E1	2.556446938E1	1.388872516E1	1.160000038E1	1.561000061E2	3.790092468E0	2.500000000E0
1.522705581E2	6.498733299E1	2.556457105E1	1.353352053E1	1.181000042E1	1.546999969E2	3.790092468E0	2.500000000E0
1.532701418E2	6.498723781E1	2.556467878E1	1.381039468E1	1.173999977E1	1.531000061E2	3.790092468E0	2.500000000E0
1.542703970E2	6.498714318E1	2.556478899E1	1.383220311E1	1.171000004E1	1.523000031E2	3.790092468E0	2.500000000E0
1.552700975E2	6.498705155E1	2.556491279E1	1.372144421E1	1.172000027E1	1.498000031E2	3.790092468E0	2.500000000E0
1.562700115E2	6.498696215E1	2.556504479E1	1.358004668E1	1.178999996E1	1.456999969E2	3.790092468E0	2.500000000E0
1.572698874E2	6.498687624E1	2.556519765E1	1.352196270E1	1.184000015E1	1.416000061E2	3.790092468E0	2.500000000E0
1.582702888E2	6.498679597E1	2.556536475E1	1.365754670E1	1.192000008E1	1.373000031E2	3.790092468E0	2.500000000E0
1.592700344E2	6.498671878E1	2.556553911E1	1.376694855E1	1.189999962E1	1.353000031E2	3.790092468E0	2.500000000E0
1.602705600E2	6.498664649E1	2.556570662E1	1.375849701E1	1.132999992E1	1.361999969E2	3.790092468E0	2.500000000E0
1.612700681E2	6.498657563E1	2.556585752E1	1.371361098E1	1.071000004E1	1.386000061E2	3.790092468E0	2.500000000E0
1.622699695E2	6.498650312E1	2.556598821E1	1.378664594E1	1.015999985E1	1.436999969E2	3.790092468E0	2.500000000E0
1.632706950E2	6.498642447E1	2.556608468E1	1.375079288E1	1.010999966E1	1.545000000E2	3.790092468E0	2.500000000E0
1.642701001E2	6.498633331E1	2.556615534E1	1.369295877E1	1.053999996E1	1.638000031E2	3.790092468E0	2.500000000E0
1.652699585E2	6.498623510E1	2.556620738E1	1.385564048E1	1.118000031E1	1.681000061E2	3.790092468E0	2.500000000E0
1.662703894E2	6.498612822E1	2.556623328E1	1.380493855E1	1.181999969E1	1.741999969E2	3.790092468E0	2.500000000E0
1.672699306E2	6.498601785E1	2.556623109E1	1.403780634E1	1.222000027E1	1.813999939E2	3.790092468E0	2.500000000E0
1.682705966E2	6.498590637E1	2.556619327E1	1.407054346E1	1.250000000E1	1.905000000E2	3.790092468E0	2.500000000E0
1.692701523E2	6.498579629E1	2.556611506E1	1.423359723E1	1.290999985E1	1.976000061E2	3.790092468E0	2.500000000E0
1.702705868E2	6.498568267E1	2.556601840E1	1.451255586E1	1.343000031E1	2.006999969E2	3.790092468E0	2.500000000E0
1.712700114E2	6.498556594E1	2.556591160E1	1.485614912E1	1.390999985E1	2.026999969E2	3.790092468E0	2.500000000E0
1.722705851E2	6.498544685E1	2.556579799E1	1.494021959E1	1.422000027E1	2.026999969E2	3.790092468E0	2.500000000E0
1.732702833E2	6.498532894E1	2.556568988E1	1.513732756E1	1.410000038E1	2.030000000E2	3.790092468E0	2.500000000E0
1.742698926E2	6.498521014E1	2.556557457E1	1.519790000E1	1.405000019E1	2.028999939E2	3.790092468E0	2.500000000E0
1.752707361E2	6.498509617E1	2.556546486E1	1.526592254E1	1.384000015E1	2.028999939E2	3.790092468E0	2.500000000E0
1.762704892E2	6.498498039E1	2.556535675E1	1.533510285E1	1.385000038E1	2.023999939E2	3.790092468E0	2.500000000E0
1.772702992E2	6.498486398E1	2.556524938E1	1.528929224E1	1.390999985E1	2.023000031E2	3.790092468E0	2.500000000E0
1.782707183E2	6.498474869E1	2.556514288E1	1.525031852E1	1.396000004E1	2.018000031E2	3.790092468E0	2.500000000E0
1.792705714E2	6.498463125E1	2.556503844E1	1.532578343E1	1.398999977E1	2.008000031E2	3.790092468E0	2.500000000E0
1.802698818E2	6.498451226E1	2.556492643E1	1.546704379E1	1.401000023E1	2.013999939E2	3.790092468E0	2.500000000E0
1.812700319E2	6.498439397E1	2.556481894E1	1.570321389E1	1.402000046E1	2.020000000E2	3.790092468E0	2.500000000E0
1.822702866E2	6.498427924E1	2.556470466E1	1.579095073E1	1.402999973E1	2.035000000E2	3.790092468E0	2.500000000E0
1.832701540E2	6.498416747E1	2.556458741E1	1.603164484E1	1.389000034E1	2.051999969E2	3.790092468E0	2.500000000E0
1.842706624E2	6.498405598E1	2.556446242E1	1.615771623E1	1.377999973E1	2.073999939E2	3.790092468E0	2.500000000E0
1.852704115E2	6.498394846E1	2.556432811E1	1.614188583E1	1.356999969E1	2.088000031E2	3.790092468E0	2.500000000E0
1.862707375E2	6.498384047E1	2.556420121E1	1.626149104E1	1.348999977E1	2.066000061E2	3.790092468E0	2.500000000E0
1.872704941E2	6.498373273E1	2.556408729E1	1.632872662E1	1.339999962E1	2.041999969E2	3.790092468E0	2.500000000E0
1.882701384E2	6.498362311E1	2.556398093E1	1.638662108E1	1.315999985E1	2.028000031E2	3.790092468E0	2.500000000E0
1.892700055E2	6.498351362E1	2.556387181E1	1.663287052E1	1.286999989E1	2.028999939E2	3.790092468E0	2.500000000E0
1.902703933E2	6.498340875E1	2.556377459E1	1.667807294E1	1.264000034E1	2.025000000E2	3.790092468E0	2.500000000E0
1.912705381E2	6.498330484E1	2.556367974E1	1.686939412E1	1.247999954E1	2.025000000E2	3.790092468E0	2.500000000E0
1.922700000E2	6.498319904E1	2.556358334E1	1.709214684E1	1.250000000E1	2.033000031E2	3.790092468E0	2.500000000E0
1.932698573E2	6.498309131E1	2.556349213E1	1.733308554E1	1.256000042E1	2.021000061E2	3.790092468E0	2.500000000E0
1.942701581E2	6.498298183E1	2.556340733E1	1.748655840E1	1.264000034E1	2.006000061E2	3.790092468E0	2.500000000E0
1.952705496E2	6.498287073E1	2.556332000E1	1.752919022E1	1.276000023E1	2.003000031E2	3.790092468E0	2.500000000E0
1.962700019E2	6.498276212E1	2.556323170E1	1.753117510E1	1.280000019E1	2.006999969E2	3.790092468E0	2.500000000E0
1.972698332E2	6.498265241E1	2.556313877E1	1.737013467E1	1.272999954E1	2.016999969E2	3.790092468E0	2.500000000E0
1.982703891E2	6.498254620E1	2.556304515E1	1.751256441E1	1.260000038E1	2.023000031E2	3.790092468E0	2.500000000E0
1.992706195E2	6.498243984E1	2.556294712E1	1.740664254E1	1.256999969E1	2.031000061E2	3.790092468E0	2.500000000E0
2.002701579E2	6.498233620E1	2.556284613E1	1.731897314E1	1.264999962E1	2.033000031E2	3.790092468E0	2.500000000E0
2.012699947E2	6.498222850E1	2.556274328E1	1.702658827E1	1.281000042E1	2.036000061E2	3.790092468E0	2.500000000E0
2.022702745E2	6.498212321E1	2.556263824E1	1.677607607E1	1.293000031E1	2.043000031E2	3.790092468E0	2.500000000E0
2.032701526E2	6.498201467E1	2.556253213E1	1.653123724E1	1.297000027E1	2.046999969E2	3.790092468E0	2.500000000E0
2.042707054E2	6.498190719E1	2.556242189E1	1.598537456E1	1.303999996E1	2.055000000E2	3.790092468E0	2.500000000E0
2.052699269E2	6.498179935E1	2.556231042E1	1.554968018E1	1.297000027E1	2.053000031E2	3.790092468E0	2.500000000E0
2.062705554E2	6.498169340E1	2.556220032E1	1.522378964E1	1.290999985E1	2.045000000E2	3.790092468E0	2.500000000E0
2.072701493E2	6.498158943E1	2.556209575E1	1.458863510E1	1.286999989E1	2.041000061E2	3.790092468E0	2.500000000E0
2.082704823E2	6.498148441E1	2.556198227E1	1.425395683E1	1.293000031E1	2.041999969E2	3.790092468E0	2.500000000E0
2.092698184E2	6.498137924E1	2.556187687E1	1.378878420E1	1.289999962E1	2.043000031E2	3.790092468E0	2.500000000E0
2.102701476E2	6.498127561E1	2.556176229E1	1.361969577E1	1.251000023E1	2.048999939E2	3.790092468E0	2.500000000E0
2.112700527E2	6.498118486E1	2.556165546E1	1.373363843E1	1.160999966E1	2.053999939E2	3.790092468E0	2.500000000E0
2.122707492E2	6.498110097E1	2.556156378E1	1.342937264E1	1.036999989E1	2.053000031E2	3.790092468E0	2.500000000E0
2.132700151E2	6.498102956E1	2.556148361E1	1.319408676E1	8.890000343E0	2.056000061E2	3.790092468E0	2.500000000E0
2.142705475E2	6.498097384E1	2.556142317E1	1.307758741E1	6.989999771E0	2.053999939E2	3.790092468E0	2.500000000E0
2.152704698E2	6.498093776E1	2.556138157E1	1.304844530E1	4.719999790E0	2.050000000E2	3.790092468E0	2.500000000E0
2.162700436E2	6.498091785E1	2.556136237E1	1.299233786E1	2.509999990E0	2.038999939E2	3.790092468E0	2.500000000E0
2.172698283E2	6.498090937E1	2.556135693E1	1.280483062E1	1.100000024E0	2.031999969E2	3.790092468E0	2.500000000E0
2.182701528E2	6.498090694E1	2.556135521E1	1.279152291E1	5.299999714E-1	2.026999969E2	3.790092468E0	2.500000000E0
2.192698389E2	6.498090571E1	2.556134822E1	1.266487473E1	1.800000072E-1	2.023000031E2	3.790092468E0	2.500000000E0
2.202701973E2	6.498090602E1	2.556134704E1	1.263179412E1	0.000000000E0	NaN	3.790092468E0	2.500000000E0
2.212700267E2	6.498090596E1	2.556134563E1	1.276942853E1	0.000000000E0	NaN	3.790092468E0	2.500000000E0
2.222705045E2	6.498090828E1	2.556134208E1	1.274739748E1	0.000000000E0	NaN	3.790092468E0	2.500000000E0
2.232702786E2	6.498091026E1	2.556134013E1	1.276198700E1	0.000000000E0	NaN	3.790092468E0	2.500000000E0
2.242706824E2	6.498091174E1	2.556133679E1	1.284383697E1	0.000000000E0	NaN	3.790092468E0	2.500000000E0
2.252702905E2	6.498091250E1	2.556133543E1	1.285378659E1	0.000000000E0	NaN	3.790092468E0	2.500000000E0
2.262701582E2	6.498091280E1	2.556133599E1	1.292824969E1	0.000000000E0	NaN	3.790092468E0	2.500000000E0
2.272699607E2	6.498091319E1	2.556133729E1	1.293185096E1	0.000000000E0	NaN	3.790092468E0	2.500000000E0
2.282698558E2	6.498091343E1	2.556133831E1	1.291354050E1	0.000000000E0	NaN	3.790092468E0	2.500000000E0
2.292699418E2	6.498091364E1	2.556133891E1	1.294753720E1	0.000000000E0	NaN	3.790092468E0	2.500000000E0
2.302703164E2	6.498091364E1	2.556133921E1	1.299374078E1	0.000000000E0	NaN	3.790092468E0	2.500000000E0
2.312706955E2	6.498091342E1	2.556133896E1	1.315896277E1	0.000000000E0	NaN	3.790092468E0	2.500000000E0
2.322699084E2	6.498091330E1	2.556133944E1	1.318166767E1	0.000000000E0	NaN	3.790092468E0	2.500000000E0
2.332701189E2	6.498091313E1	2.556133957E1	1.326021974E1	0.000000000E0	NaN	3.790092468E0	2.500000000E0
2.342704021E2	6.498091301E1	2.556133953E1	1.326156241E1	0.000000000E0	NaN	3.790092468E0	2.500000000E0
2.352706096E2	6.498091251E1	2.556133921E1	1.336257517E1	0.000000000E0	NaN	3.790092468E0	2.500000000E0
2.362700279E2	6.498091261E1	2.556134001E1	1.350344430E1	0.000000000E0	NaN	3.790092468E0	2.500000000E0
2.372701470E2	6.498091277E1	2.556134192E1	1.366530943E1	0.000000000E0	NaN	3.790092468E0	2.500000000E0
2.382705997E2	6.498091350E1	2.556134468E1	1.391292938E1	0.000000000E0	NaN	3.790092468E0	2.500000000E0
2.392698932E2	6.498091348E1	2.556134458E1	1.396560271E1	0.000000000E0	NaN	3.790092468E0	2.500000000E0
2.402700295E2	6.498091313E1	2.556134349E1	1.400423778E1	0.000000000E0	NaN	3.790092468E0	2.500000000E0
2.412707754E2	6.498091281E1	2.556134268E1	1.405611747E1	0.000000000E0	NaN	3.790092468E0	2.500000000E0
2.422707173E2	6.498091267E1	2.556134198E1	1.404018726E1	0.000000000E0	NaN	3.790092468E0	2.500000000E0
2.432699595E2	6.498091244E1	2.556134148E1	1.406643222E1	0.000000000E0	NaN	3.790092468E0	2.500000000E0
2.442701480E2	6.498091247E1	2.556134137E1	1.404964760E1	0.000000000E0	NaN	3.790092468E0	2.500000000E0
2.452702751E2	6.498091235E1	2.556134080E1	1.404165196E1	0.000000000E0	NaN	3.790092468E0	2.500000000E0
2.462701280E2	6.498091225E1	2.556134035E1	1.405666657E1	0.000000000E0	NaN	3.790092468E0	2.500000000E0
2.472700024E2	6.498090632E1	2.556133455E1	1.391634195E1	8.000000119E-1	2.016999969E2	3.790092468E0	2.500000000E0
2.482701103E2	6.498088075E1	2.556130876E1	1.379168759E1	3.319999933E0	2.025000000E2	3.790092468E0	2.500000000E0
2.492704565E2	6.498083331E1	2.556126066E1	1.377712309E1	5.199999809E0	2.051000061E2	3.790092468E0	2.500000000E0
2.502704224E2	6.498078373E1	2.556120882E1	1.394987397E1	5.989999771E0	2.056000061E2	3.790092468E0	2.500000000E0
2.512703229E2	6.498072092E1	2.556113958E1	1.401867188E1	7.500000000E0	2.061999969E2	3.790092468E0	2.500000000E0
2.522705158E2	6.498064728E1	2.556105920E1	1.409887468E1	8.920000076E0	2.061999969E2	3.790092468E0	2.500000000E0
2.532698138E2	6.498056675E1	2.556097112E1	1.385222878E1	9.930000305E0	2.056999969E2	3.790092468E0	2.500000000E0
2.542698172E2	6.498047928E1	2.556087448E1	1.357066541E1	1.073999977E1	2.061000061E2	3.790092468E0	2.500000000E0
2.552702640E2	6.498038216E1	2.556076925E1	1.336477772E1	1.189000034E1	2.053000031E2	3.790092468E0	2.500000000E0
2.562704267E2	6.498027761E1	2.556066303E1	1.311707411E1	1.263000011E1	2.051000061E2	3.790092468E0	2.500000000E0
2.572734201E2	6.498016622E1	2.556054968E1	1.285905011E1	1.332999992E1	2.031999969E2	3.795326233E0	2.500000000E0
2.582804819E2	6.498005443E1	2.556043826E1	1.268739023E1	1.347999954E1	2.026000061E2	3.795230150E0	2.500000000E0
2.592740712E2	6.497994158E1	2.556032669E1	1.246116395E1	1.411999989E1	2.016999969E2	3.795056820E0	2.500000000E0
2.602720254E2	6.497982677E1	2.556021660E1	1.232258213E1	1.427000046E1	2.020000000E2	3.794093132E0	2.500000000E0
2.612741228E2	6.497970212E1	2.556010109E1	1.216604748E1	1.494999981E1	2.015000000E2	3.795246840E0	2.500000000E0
2.622678386E2	6.497957596E1	2.555998322E1	1.210729005E1	1.519999981E1	2.016000061E2	3.795162439E0	2.500000000E0
2.632678386E2	6.497945065E1	2.555986717E1	1.212574267E1	1.515999985E1	2.008999939E2	3.793999910E0	2.500000000E0
2.642678386E2	6.497932509E1	2.555975375E1	1.206533728E1	1.517000008E1	2.006999969E2	3.793854713E0	2.500000000E0
2.652678386E2	6.497919386E1	2.555964443E1	1.203654226E1	1.521000004E1	1.985000000E2	3.795313358E0	2.500000000E0
2.662678386E2	6.497906222E1	2.555954713E1	1.195708609E1	1.531000042E1	1.966000061E2	3.795125008E0	2.500000000E0
2.672678386E2	6.497893046E1	2.555946034E1	1.197784814E1	1.522000027E1	1.948999939E2	3.795268774E0	2.500000000E0
2.682678386E2	6.497880227E1	2.555937889E1	1.193483110E1	1.497999954E1	1.948000031E2	3.793785572E0	2.500000000E0
2.692678386E2	6.497867178E1	2.555929712E1	1.189034711E1	1.486999989E1	1.943999939E2	3.795033932E0	2.500000000E0
2.702678386E2	6.497854357E1	2.555921614E1	1.185764494E1	1.475000000E1	1.943999939E2	3.795463324E0	2.500000000E0
2.712678386E2	6.497841612E1	2.555913654E1	1.196959663E1	1.467000008E1	1.936999969E2	3.794883013E0	2.500000000E0
2.722678386E2	6.497829224E1	2.555905806E1	1.204193971E1	1.460000038E1	1.941999969E2	3.793893814E0	2.500000000E0
2.732678386E2	6.497816505E1	2.555898174E1	1.209444297E1	1.463000011E1	1.933000031E2	3.793908596E0	2.500000000E0
2.742678386E2	6.497803578E1	2.555890361E1	1.193295528E1	1.472000027E1	1.936999969E2	3.794971228E0	2.500000000E0
2.752678386E2	6.497790793E1	2.555882899E1	1.194425899E1	1.485999966E1	1.933000031E2	3.794940948E0	2.500000000E0
2.762678386E2	6.497778011E1	2.555875671E1	1.202093107E1	1.493000031E1	1.931999969E2	3.793844700E0	2.500000000E0
2.772678386E2	6.497764961E1	2.555868138E1	1.210596286E1	1.502000046E1	1.938000031E2	3.794003487E0	2.500000000E0
2.782678386E2	6.497751544E1	2.555860382E1	1.216370881E1	1.518000031E1	1.935000000E2	3.795148373E0	2.500000000E0
2.792678386E2	6.497738431E1	2.555852531E1	1.225948264E1	1.546000004E1	1.941000061E2	3.793973207E0	2.500000000E0
2.802678386E2	6.497724967E1	2.555844381E1	1.238125456E1	1.592000008E1	1.946000061E2	3.792933941E0	2.500000000E0
2.812678386E2	6.497710883E1	2.555835322E1	1.244607610E1	1.638999939E1	1.950000000E2	3.794255257E0	2.500000000E0
2.822678386E2	6.497696350E1	2.555825752E1	1.245870906E1	1.662999916E1	1.955000000E2	3.795573473E0	2.500000000E0
2.832678386E2	6.497682175E1	2.555816232E1	1.246615732E1	1.669000053E1	1.958000031E2	3.794522047E0	2.500000000E0
2.842678386E2	6.497667774E1	2.555806425E1	1.241940465E1	1.662999916E1	1.953000031E2	3.794349909E0	2.500000000E0
2.852678386E2	6.497653335E1	2.555796656E1	1.245504904E1	1.655999947E1	1.948999939E2	3.796065569E0	2.500000000E0
2.862678386E2	6.497638946E1	2.555787257E1	1.236447270E1	1.660000038E1	1.948000031E2	3.796145678E0	2.500000000E0
2.872678386E2	6.497624756E1	2.555777991E1	1.227774328E1	1.664999962E1	1.948999939E2	3.794433832E0	2.500000000E0
2.882678386E2	6.497610424E1	2.555768463E1	1.220602753E1	1.652000046E1	1.956000061E2	3.794279337E0	2.500000000E0
2.892678386E2	6.497596228E1	2.555758897E1	1.206326820E1	1.639999962E1	1.960000000E2	3.794397354E0	2.500000000E0
2.902678386E2	6.497582042E1	2.555749429E1	1.195737407E1	1.644000053E1	1.956000061E2	3.794166803E0	2.500000000E0
2.912678386E2	6.497567898E1	2.555739897E1	1.183048433E1	1.660000038E1	1.956999969E2	3.794281006E0	2.500000000E0
2.922678386E2	6.497553527E1	2.555729933E1	1.174436455E1	1.669000053E1	1.966999969E2	3.794452667E0	2.500000000E0
2.932678386E2	6.497539183E1	2.555719405E1	1.160355827E1	1.673999977E1	1.978999939E2	3.794911146E0	2.500000000E0
2.942678386E2	6.497524663E1	2.555708032E1	1.139793216E1	1.679000092E1	1.988999939E2	3.795575619E0	2.500000000E0
2.952678386E2	6.497510564E1	2.555696647E1	1.129594771E1	1.687000084E1	1.993999939E2	3.794665575E0	2.500000000E0
2.962678386E2	6.497496405E1	2.555684916E1	1.123247636E1	1.675000000E1	1.998999939E2	3.802959919E0	2.500000000E0
2.972678386E2	6.497482243E1	2.555673274E1	1.122161717E1	1.657999992E1	2.001000061E2	3.794788361E0	2.500000000E0
2.982678386E2	6.497467890E1	2.555661614E1	1.130047792E1	1.662000084E1	1.995000000E2	3.795879602E0	2.500000000E0
2.992678386E2	6.497453976E1	2.555650253E1	1.128003818E1	1.668000031E1	1.986999969E2	3.794984341E0	2.500000000E0
3.002678386E2	6.497439988E1	2.555638810E1	1.128486642E1	1.677000046E1	1.985000000E2	3.793702602E0	2.500000000E0
3.012678386E2	6.497425409E1	2.555627213E1	1.135164004E1	1.687000084E1	1.981000061E2	3.794726610E0	2.500000000E0
3.022678386E2	6.497410906E1	2.555615419E1	1.133259920E1	1.701000023E1	1.988000031E2	3.795720816E0	2.500000000E0
3.032678386E2	6.497396642E1	2.555603694E1	1.141640477E1	1.712000084E1	1.991999969E2	3.794711351E0	2.500000000E0
3.042678386E2	6.497382299E1	2.555591761E1	1.148678215E1	1.721999931E1	1.996999969E2	3.793310404E0	2.500000000E0
3.052678386E2	6.497367541E1	2.555579376E1	1.146188038E1	1.719000053E1	1.998000031E2	3.794468641E0	2.500000000E0
3.062678386E2	6.497352949E1	2.555566913E1	1.156021027E1	1.717000008E1	2.003000031E2	3.795408487E0	2.500000000E0
3.072678386E2	6.497338668E1	2.555554520E1	1.168606984E1	1.721999931E1	2.005000000E2	3.794066429E0	2.500000000E0
3.082678386E2	6.497324111E1	2.555541496E1	1.169181050E1	1.736000061E1	2.015000000E2	3.794032812E0	2.500000000E0
3.092678386E2	6.497309563E1	2.555527901E1	1.176108963E1	1.743000031E1	2.023000031E2	3.793993950E0	2.500000000E0
3.102678386E2	6.497295097E1	2.555513846E1	1.183683988E1	1.739999962E1	2.031000061E2	3.794200659E0	2.500000000E0
3.112678386E2	6.497280721E1	2.555499357E1	1.188598024E1	1.738999939E1	2.036999969E2	3.794181585E0	2.500000000E0
3.122678386E2	6.497266524E1	2.555484698E1	1.190118698E1	1.739999962E1	2.041000061E2	3.794538736E0	2.500000000E0
3.132678386E2	6.497252157E1	2.555469684E1	1.192359476E1	1.746999931E1	2.041000061E2	3.794569254E0	2.500000000E0
3.142678386E2	6.497237831E1	2.555454548E1	1.204115692E1	1.748999977E1	2.048000031E2	3.794415474E0	2.500000000E0
3.152678386E2	6.497223475E1	2.555439409E1	1.215365289E1	1.752000046E1	2.045000000E2	3.794532537E0	2.500000000E0
3.162678386E2	6.497209425E1	2.555424547E1	1.216336817E1	1.739999962E1	2.043999939E2	3.793455839E0	2.500000000E0
3.172678386E2	6.497195025E1	2.555409332E1	1.220549033E1	1.745999908E1	2.043999939E2	3.794718742E0	2.500000000E0
3.182678386E2	6.497180480E1	2.555393954E1	1.224895414E1	1.747999954E1	2.043000031E2	3.795930147E0	2.500000000E0
3.192678386E2	6.497166438E1	2.555379229E1	1.233142325E1	1.730999947E1	2.041000061E2	3.794443607E0	2.500000000E0
3.202678386E2	6.497152433E1	2.555364537E1	1.223908799E1	1.729000092E1	2.038999939E2	3.793354511E0	2.500000000E0
3.212678386E2	6.497137980E1	2.555349335E1	1.236128782E1	1.730999947E1	2.040000000E2	3.794513702E0	2.500000000E0
3.222678386E2	6.497123660E1	2.555334341E1	1.245272690E1	1.736000061E1	2.038999939E2	3.795787573E0	2.500000000E0
3.232678386E2	6.497109618E1	2.555319450E1	1.254874610E1	1.743000031E1	2.043000031E2	3.794426203E0	2.500000000E0
3.242678386E2	6.497095498E1	2.555304549E1	1.258922260E1	1.752000046E1	2.040000000E2	3.793241024E0	2.500000000E0
3.252678386E2	6.497080881E1	2.555289097E1	1.264416054E1	1.754000092E1	2.040000000E2	3.794981003E0	2.500000000E0
3.262678386E2	6.497066509E1	2.555273884E1	1.263263319E1	1.752000046E1	2.038000031E2	3.795727730E0	2.500000000E0
3.272678386E2	6.497052287E1	2.555258848E1	1.257594099E1	1.751000023E1	2.036999969E2	3.794932127E0	2.500000000E0
3.282678386E2	6.497038305E1	2.555244229E1	1.250747070E1	1.713999939E1	2.038000031E2	3.794648170E0	2.500000000E0
3.292678386E2	6.497024122E1	2.555229285E1	1.241165524E1	1.693000031E1	2.036999969E2	3.794770479E0	2.500000000E0
3.302678386E2	6.497010243E1	2.555214592E1	1.217564453E1	1.693000031E1	2.038999939E2	3.794937849E0	2.500000000E0
3.312678386E2	6.496996570E1	2.555200160E1	1.185943522E1	1.690999985E1	2.036999969E2	3.793311357E0	2.500000000E0
3.322678386E2	6.496982657E1	2.555185705E1	1.147651228E1	1.690999985E1	2.031999969E2	3.793779135E0	2.500000000E0
3.332678386E2	6.496968573E1	2.555171445E1	1.102455673E1	1.697999954E1	2.026999969E2	3.794667482E0	2.500000000E0
3.342678386E2	6.496954451E1	2.555157698E1	1.055056645E1	1.702000046E1	2.020000000E2	3.794354916E0	2.500000000E0
3.352678386E2	6.496940219E1	2.555144191E1	1.005478527E1	1.709000015E1	2.016999969E2	3.794351578E0	2.500000000E0
3.362678386E2	6.496926244E1	2.555131379E1	9.629684280E0	1.694000053E1	2.013999939E2	3.793248415E0	2.500000000E0
3.372678386E2	6.496911907E1	2.555118703E1	9.325551409E0	1.695000076E1	2.003999939E2	3.793839455E0	2.500000000E0
3.382678386E2	6.496897546E1	2.555106533E1	9.132867833E0	1.695999908E1	1.996000061E2	3.794171095E0	2.500000000E0
3.392678386E2	6.496883155E1	2.555094846E1	9.024900127E0	1.693000031E1	1.988999939E2	3.797318935E0	2.500000000E0
3.402678386E2	6.496868887E1	2.555083770E1	9.065248180E0	1.697999954E1	1.981999969E2	3.800098896E0	2.500000000E0
3.412678386E2	6.496854271E1	2.555072863E1	9.255189928E0	1.702000046E1	1.971999969E2	3.793540001E0	2.500000000E0
3.422678386E2	6.496839380E1	2.555062355E1	9.487242832E0	1.702000046E1	1.966999969E2	3.794413567E0	2.500000000E0
3.432678386E2	6.496824850E1	2.555052742E1	9.822874559E0	1.695999908E1	1.958999939E2	3.794823170E0	2.500000000E0
3.442678386E2	6.496810438E1	2.555043558E1	1.020977634E1	1.685000038E1	1.951999969E2	3.793333292E0	2.500000000E0
3.452678386E2	6.496795585E1	2.555034427E1	1.063799475E1	1.679000092E1	1.946000061E2	3.794637203E0	2.500000000E0
3.462678386E2	6.496780996E1	2.555025707E1	1.109844163E1	1.671999931E1	1.941999969E2	3.794661760E0	2.500000000E0
3.472678386E2	6.496766708E1	2.555017344E1	1.156682541E1	1.660000038E1	1.936000061E2	3.793460846E0	2.500000000E0
3.482678386E2	6.496752384E1	2.555009251E1	1.202953222E1	1.652000046E1	1.933000031E2	3.793717384E0	2.500000000E0
3.492678386E2	6.496737774E1	2.555000926E1	1.248582800E1	1.643000031E1	1.933999939E2	3.794720173E0	2.500000000E0
3.502678386E2	6.496723448E1	2.554992726E1	1.289964580E1	1.638999939E1	1.936000061E2	3.794593573E0	2.500000000E0
3.512678386E2	6.496709602E1	2.554984955E1	1.320329905E1	1.600000000E1	1.933999939E2	3.793673992E0	2.500000000E0
3.522678386E2	6.496695627E1	2.554976971E1	1.343291574E1	1.597000027E1	1.933999939E2	3.793406963E0	2.500000000E0
3.532678386E2	6.496681682E1	2.554969038E1	1.360790619E1	1.596000004E1	1.933000031E2	3.793574095E0	2.500000000E0
3.542678386E2	6.496667566E1	2.554961138E1	1.372820750E1	1.605999947E1	1.930000000E2	3.794376135E0	2.500000000E0
3.552678386E2	6.496653669E1	2.554953497E1	1.383770729E1	1.614999962E1	1.928999939E2	3.793560982E0	2.500000000E0
3.562678386E2	6.496639482E1	2.554945749E1	1.393701165E1	1.626000023E1	1.928999939E2	3.793507576E0	2.500000000E0
3.572678386E2	6.496625240E1	2.554937957E1	1.402069057E1	1.627000046E1	1.928999939E2	3.793372631E0	2.500000000E0
3.582678386E2	6.496610973E1	2.554930141E1	1.409228433E1	1.618000031E1	1.931000061E2	3.794532299E0	2.500000000E0
3.592678386E2	6.496596873E1	2.554922238E1	1.418182411E1	1.609000015E1	1.933000031E2	3.794584751E0	2.500000000E0
3.602678386E2	6.496583082E1	2.554914390E1	1.419336378E1	1.601000023E1	1.935000000E2	3.793707609E0	2.500000000E0
3.612678386E2	6.496569143E1	2.554906065E1	1.416242227E1	1.597999954E1	1.941999969E2	3.794102192E0	2.500000000E0
3.622678386E2	6.496555051E1	2.554897048E1	1.409974199E1	1.597999954E1	1.953999939E2	3.794759989E0	2.500000000E0
3.632678386E2	6.496541479E1	2.554887626E1	1.400465747E1	1.602000046E1	1.968000031E2	3.793980598E0	2.500000000E0
3.642678386E2	6.496527979E1	2.554877319E1	1.387570034E1	1.590999985E1	1.986000061E2	3.793826342E0	2.500000000E0
3.652678386E2	6.496514568E1	2.554866082E1	1.376145479E1	1.577999973E1	2.001999969E2	3.794032812E0	2.500000000E0
3.662678386E2	6.496501142E1	2.554853679E1	1.357830202E1	1.573999977E1	2.021999969E2	3.794991493E0	2.500000000E0
3.672678386E2	6.496488362E1	2.554840620E1	1.340895014E1	1.572999954E1	2.038999939E2	3.793779612E0	2.500000000E0
3.682678386E2	6.496475502E1	2.554826336E1	1.317612265E1	1.592000008E1	2.041999969E2	3.793888807E0	2.500000000E0
3.692678386E2	6.496462738E1	2.554810708E1	1.308258014E1	1.601000023E1	2.046000061E2	3.794988871E0	2.500000000E0
3.702678386E2	6.496450132E1	2.554793998E1	1.295742439E1	1.604999924E1	2.081999969E2	3.794319630E0	2.500000000E0
3.712678386E2	6.496437925E1	2.554776759E1	1.280639421E1	1.603000069E1	2.111999969E2	3.793077946E0	2.500000000E0
3.722678386E2	6.496425741E1	2.554758358E1	1.268100061E1	1.604999924E1	2.130000000E2	3.792921543E0	2.500000000E0
3.732678386E2	6.496413920E1	2.554739105E1	1.256263064E1	1.597999954E1	2.151999969E2	3.793265343E0	2.500000000E0
3.742678386E2	6.496402247E1	2.554719236E1	1.225871603E1	1.600000000E1	2.166999969E2	3.793193817E0	2.500000000E0
3.752678386E2	6.496391030E1	2.554698817E1	1.193991387E1	1.582999992E1	2.178999939E2	3.793361664E0	2.500000000E0
3.762678386E2	6.496380084E1	2.554677686E1	1.174654248E1	1.560999966E1	2.200000000E2	3.793281555E0	2.500000000E0
3.772678386E2	6.496369545E1	2.554656473E1	1.163844114E1	1.522999954E1	2.211999969E2	3.793381214E0	2.500000000E0
3.782678386E2	6.496359519E1	2.554635255E1	1.161829625E1	1.477000046E1	2.231000061E2	3.792897224E0	2.500000000E0
3.792678386E2	6.496350250E1	2.554614637E1	1.160816739E1	1.385000038E1	2.251000061E2	3.792784691E0	2.500000000E0
3.802678386E2	6.496341813E1	2.554595024E1	1.159889940E1	1.261999989E1	2.281000061E2	3.792740345E0	2.500000000E0
3.812678386E2	6.496334463E1	2.554577360E1	1.154349631E1	1.098999977E1	2.286000061E2	3.792802811E0	2.500000000E0
3.822678386E2	6.496328155E1	2.554561638E1	1.144458219E1	9.350000381E0	2.301999969E2	3.793721676E0	2.500000000E0
3.832678386E2	6.496323152E1	2.554549262E1	1.146640318E1	7.369999886E0	2.306000061E2	3.792636633E0	2.500000000E0
3.842678386E2	6.496319403E1	2.554539808E1	1.139344424E1	5.289999962E0	2.303999939E2	3.796132565E0	2.500000000E0
3.852678386E2	6.496316761E1	2.554533178E1	1.138073343E1	3.690000057E0	2.298999939E2	3.795925617E0	2.500000000E0
3.862678386E2	6.496314888E1	2.554528506E1	1.136241185E1	2.539999962E0	2.300000000E2	3.797287464E0	2.500000000E0
3.872678386E2	6.496313766E1	2.554525665E1	1.136167289E1	1.460000038E0	2.301000061E2	3.797313929E0	2.500000000E0
3.882678386E2	6.496313131E1	2.554524000E1	1.134183284E1	8.100000024E-1	2.300000000E2	3.795924902E0	2.500000000E0
3.892678386E2	6.496312816E1	2.554523199E1	1.136294917E1	3.600000143E-1	2.273000031E2	3.796063662E0	2.500000000E0
3.902678386E2	6.496312705E1	2.554522857E1	1.136941833E1	0.000000000E0	NaN	3.793819427E0	2.500000000E0
3.912678386E2	6.496312589E1	2.554522565E1	1.134341667E1	3.400000036E-1	2.280000000E2	3.796152592E0	2.500000000E0
3.922678386E2	6.496311667E1	2.554520288E1	1.132442928E1	2.269999981E0	2.276000061E2	3.791826248E0	2.500000000E0
3.932678386E2	6.496309353E1	2.554514476E1	1.131397871E1	4.900000095E0	2.276000061E2	3.792712927E0	2.500000000E0
3.942678386E2	6.496306118E1	2.554506234E1	1.131511958E1	5.429999828E0	2.286999969E2	3.793804407E0	2.500000000E0
3.952678386E2	6.496302038E1	2.554496006E1	1.129001019E1	7.199999809E0	2.283000031E2	3.792695522E0	2.500000000E0
3.962678386E2	6.496297104E1	2.554483519E1	1.124719576E1	8.729999542E0	2.278999939E2	3.792809486E0	2.500000000E0
3.972678386E2	6.496291294E1	2.554468763E1	1.123092660E1	1.011999989E1	2.278999939E2	3.792821407E0	2.500000000E0
3.982678386E2	6.496285214E1	2.554453185E1	1.119665068E1	1.014999962E1	2.278999939E2	3.792810678E0	2.500000000E0
3.992678386E2	6.496278917E1	2.554436915E1	1.115010564E1	1.072999954E1	2.286000061E2	3.792716980E0	2.500000000E0
4.002678386E2	6.496272352E1	2.554420088E1	1.110105644E1	1.076000023E1	2.278000031E2	3.792773247E0	2.500000000E0
4.012678386E2	6.496265909E1	2.554403717E1	1.106793792E1	1.036999989E1	2.283999939E2	3.792784691E0	2.500000000E0
4.022678386E2	6.496259645E1	2.554387900E1	1.096267676E1	1.010999966E1	2.280000000E2	3.792768955E0	2.500000000E0
4.032678386E2	6.496253489E1	2.554372566E1	1.089037493E1	9.770000458E0	2.271999969E2	3.792673111E0	2.500000000E0
4.042678386E2	6.496247511E1	2.554358073E1	1.078688464E1	9.430000305E0	2.268000031E2	3.792871237E0	2.500000000E0
4.052678386E2	6.496241572E1	2.554344459E1	1.073222163E1	9.039999962E0	2.245000000E2	3.792828798E0	2.500000000E0
4.062678386E2	6.496235895E1	2.554332049E1	1.068518879E1	8.130000114E0	2.235000000E2	3.792725801E0	2.500000000E0
4.072678386E2	6.496230944E1	2.554321268E1	1.066190315E1	7.079999924E0	2.228999939E2	3.792817593E0	2.500000000E0
4.082678386E2	6.496226421E1	2.554311406E1	1.063959680E1	6.739999771E0	2.151999969E2	3.792794228E0	2.500000000E0
